wavelength_nm,TNT_mirrors_M1xM2xM3xM4,focal_reducer_L1_T,LRS_fold_mirrors_x2,LRS_collimator_T,VPH_grating_eff,Nikon_camera_T,CCD_QE_BEX2DD,LRS_only_throughput,TOTAL_system_throughput
400,0.7481,0.9761,0.9702,0.9801,0.2535,0.6957,0.9100,0.1526,0.1114
401,0.7506,0.9764,0.9709,0.9806,0.2561,0.6964,0.9110,0.1547,0.1134
402,0.7532,0.9766,0.9716,0.9811,0.2587,0.6971,0.9120,0.1567,0.1153
403,0.7558,0.9769,0.9723,0.9816,0.2613,0.6978,0.9130,0.1589,0.1173
404,0.7584,0.9771,0.9730,0.9821,0.2639,0.6985,0.9140,0.1610,0.1193
405,0.7610,0.9773,0.9737,0.9826,0.2665,0.6992,0.9150,0.1631,0.1213
406,0.7636,0.9776,0.9744,0.9831,0.2692,0.6999,0.9160,0.1653,0.1234
407,0.7662,0.9778,0.9751,0.9836,0.2719,0.7006,0.9170,0.1675,0.1255
408,0.7689,0.9780,0.9757,0.9841,0.2745,0.7013,0.9180,0.1697,0.1276
409,0.7715,0.9783,0.9764,0.9846,0.2772,0.7021,0.9190,0.1720,0.1298
410,0.7741,0.9785,0.9771,0.9851,0.2800,0.7028,0.9200,0.1742,0.1320
411,0.7768,0.9788,0.9778,0.9856,0.2827,0.7035,0.9210,0.1765,0.1342
412,0.7794,0.9790,0.9785,0.9860,0.2854,0.7042,0.9220,0.1788,0.1364
413,0.7821,0.9792,0.9792,0.9865,0.2882,0.7049,0.9230,0.1811,0.1387
414,0.7847,0.9795,0.9799,0.9870,0.2910,0.7056,0.9240,0.1835,0.1410
415,0.7874,0.9797,0.9806,0.9875,0.2938,0.7063,0.9250,0.1859,0.1434
416,0.7901,0.9799,0.9813,0.9880,0.2966,0.7070,0.9260,0.1883,0.1458
417,0.7928,0.9802,0.9820,0.9885,0.2994,0.7077,0.9270,0.1907,0.1482
418,0.7955,0.9804,0.9827,0.9890,0.3022,0.7084,0.9280,0.1931,0.1506
419,0.7982,0.9807,0.9834,0.9895,0.3051,0.7092,0.9290,0.1956,0.1531
420,0.8009,0.9809,0.9841,0.9900,0.3080,0.7099,0.9300,0.1981,0.1556
421,0.8036,0.9811,0.9842,0.9901,0.3108,0.7099,0.9295,0.1998,0.1576
422,0.8063,0.9814,0.9843,0.9902,0.3137,0.7099,0.9290,0.2016,0.1596
423,0.8090,0.9816,0.9845,0.9902,0.3166,0.7099,0.9285,0.2034,0.1616
424,0.8118,0.9818,0.9846,0.9903,0.3196,0.7099,0.9280,0.2052,0.1636
425,0.8145,0.9821,0.9847,0.9904,0.3225,0.7099,0.9275,0.2071,0.1656
426,0.8166,0.9823,0.9849,0.9904,0.3254,0.7099,0.9270,0.2089,0.1676
427,0.8186,0.9826,0.9850,0.9905,0.3284,0.7099,0.9265,0.2107,0.1695
428,0.8207,0.9828,0.9851,0.9906,0.3314,0.7099,0.9260,0.2126,0.1714
429,0.8228,0.9830,0.9853,0.9906,0.3344,0.7099,0.9255,0.2144,0.1734
430,0.8248,0.9833,0.9854,0.9907,0.3374,0.7099,0.9250,0.2163,0.1754
431,0.8269,0.9835,0.9855,0.9908,0.3404,0.7099,0.9245,0.2181,0.1774
432,0.8290,0.9837,0.9857,0.9908,0.3434,0.7099,0.9240,0.2200,0.1794
433,0.8311,0.9840,0.9858,0.9909,0.3465,0.7099,0.9235,0.2219,0.1814
434,0.8332,0.9842,0.9859,0.9910,0.3495,0.7099,0.9230,0.2237,0.1835
435,0.8353,0.9845,0.9860,0.9910,0.3526,0.7099,0.9225,0.2256,0.1855
436,0.8374,0.9847,0.9862,0.9911,0.3557,0.7099,0.9220,0.2275,0.1876
437,0.8395,0.9849,0.9863,0.9912,0.3587,0.7099,0.9215,0.2294,0.1897
438,0.8416,0.9852,0.9864,0.9912,0.3619,0.7099,0.9210,0.2313,0.1918
439,0.8437,0.9854,0.9866,0.9913,0.3650,0.7099,0.9205,0.2332,0.1939
440,0.8458,0.9857,0.9867,0.9914,0.3681,0.7099,0.9200,0.2351,0.1960
441,0.8479,0.9859,0.9868,0.9914,0.3712,0.7099,0.9195,0.2371,0.1982
442,0.8501,0.9861,0.9870,0.9915,0.3744,0.7099,0.9190,0.2390,0.2003
443,0.8522,0.9864,0.9871,0.9916,0.3776,0.7099,0.9185,0.2409,0.2025
444,0.8543,0.9866,0.9872,0.9916,0.3807,0.7099,0.9180,0.2429,0.2047
445,0.8564,0.9868,0.9874,0.9917,0.3839,0.7099,0.9175,0.2448,0.2069
446,0.8586,0.9871,0.9875,0.9918,0.3871,0.7099,0.9170,0.2468,0.2091
447,0.8607,0.9873,0.9876,0.9918,0.3903,0.7099,0.9165,0.2487,0.2114
448,0.8629,0.9876,0.9878,0.9919,0.3935,0.7099,0.9160,0.2507,0.2136
449,0.8650,0.9878,0.9879,0.9919,0.3968,0.7099,0.9155,0.2527,0.2159
450,0.8672,0.9880,0.9880,0.9920,0.4000,0.7099,0.9150,0.2547,0.2182
451,0.8691,0.9881,0.9881,0.9921,0.4032,0.7099,0.9145,0.2566,0.2203
452,0.8709,0.9882,0.9881,0.9921,0.4065,0.7099,0.9140,0.2586,0.2225
453,0.8728,0.9883,0.9882,0.9921,0.4098,0.7099,0.9135,0.2605,0.2247
454,0.8747,0.9884,0.9882,0.9922,0.4131,0.7099,0.9130,0.2625,0.2269
455,0.8766,0.9884,0.9882,0.9922,0.4163,0.7099,0.9125,0.2644,0.2291
456,0.8784,0.9885,0.9883,0.9923,0.4196,0.7099,0.9120,0.2664,0.2313
457,0.8803,0.9886,0.9883,0.9923,0.4229,0.7099,0.9115,0.2684,0.2336
458,0.8822,0.9887,0.9884,0.9923,0.4263,0.7099,0.9110,0.2704,0.2358
459,0.8841,0.9888,0.9884,0.9924,0.4296,0.7099,0.9105,0.2723,0.2381
460,0.8860,0.9888,0.9884,0.9924,0.4329,0.7099,0.9100,0.2743,0.2403
461,0.8879,0.9889,0.9885,0.9925,0.4362,0.7099,0.9095,0.2763,0.2426
462,0.8898,0.9890,0.9885,0.9925,0.4396,0.7099,0.9090,0.2783,0.2449
463,0.8917,0.9891,0.9886,0.9925,0.4430,0.7099,0.9085,0.2803,0.2472
464,0.8936,0.9891,0.9886,0.9926,0.4463,0.7099,0.9080,0.2823,0.2495
465,0.8956,0.9892,0.9886,0.9926,0.4497,0.7099,0.9075,0.2843,0.2518
466,0.8975,0.9893,0.9887,0.9927,0.4531,0.7099,0.9070,0.2863,0.2542
467,0.8994,0.9894,0.9887,0.9927,0.4564,0.7099,0.9065,0.2883,0.2565
468,0.9013,0.9895,0.9888,0.9927,0.4598,0.7099,0.9060,0.2903,0.2589
469,0.9032,0.9895,0.9888,0.9928,0.4632,0.7099,0.9055,0.2923,0.2612
470,0.9052,0.9896,0.9888,0.9928,0.4666,0.7099,0.9050,0.2943,0.2636
471,0.9071,0.9897,0.9889,0.9929,0.4700,0.7099,0.9045,0.2963,0.2660
472,0.9090,0.9898,0.9889,0.9929,0.4735,0.7099,0.9040,0.2983,0.2684
473,0.9110,0.9899,0.9890,0.9929,0.4769,0.7099,0.9035,0.3003,0.2708
474,0.9129,0.9899,0.9890,0.9930,0.4803,0.7099,0.9030,0.3023,0.2732
475,0.9149,0.9900,0.9890,0.9930,0.4837,0.7099,0.9025,0.3044,0.2757
476,0.9159,0.9901,0.9891,0.9931,0.4872,0.7099,0.9020,0.3064,0.2778
477,0.9170,0.9902,0.9891,0.9931,0.4906,0.7099,0.9015,0.3084,0.2800
478,0.9180,0.9903,0.9891,0.9931,0.4940,0.7099,0.9010,0.3104,0.2822
479,0.9191,0.9903,0.9892,0.9932,0.4975,0.7099,0.9005,0.3124,0.2844
480,0.9201,0.9904,0.9892,0.9932,0.5009,0.7099,0.9000,0.3144,0.2866
481,0.9212,0.9905,0.9893,0.9933,0.5044,0.7099,0.8995,0.3165,0.2887
482,0.9222,0.9906,0.9893,0.9933,0.5079,0.7099,0.8990,0.3185,0.2909
483,0.9233,0.9907,0.9893,0.9933,0.5113,0.7099,0.8985,0.3205,0.2931
484,0.9243,0.9907,0.9894,0.9934,0.5148,0.7099,0.8980,0.3225,0.2954
485,0.9254,0.9908,0.9894,0.9934,0.5182,0.7099,0.8975,0.3245,0.2976
486,0.9264,0.9909,0.9895,0.9935,0.5217,0.7099,0.8970,0.3265,0.2998
487,0.9275,0.9910,0.9895,0.9935,0.5252,0.7099,0.8965,0.3286,0.3020
488,0.9286,0.9911,0.9895,0.9935,0.5287,0.7099,0.8960,0.3306,0.3042
489,0.9296,0.9911,0.9896,0.9936,0.5321,0.7099,0.8955,0.3326,0.3064
490,0.9307,0.9912,0.9896,0.9936,0.5356,0.7099,0.8950,0.3346,0.3087
491,0.9317,0.9913,0.9897,0.9937,0.5391,0.7099,0.8945,0.3366,0.3109
492,0.9328,0.9914,0.9897,0.9937,0.5426,0.7099,0.8940,0.3386,0.3131
493,0.9339,0.9915,0.9897,0.9937,0.5460,0.7099,0.8935,0.3406,0.3154
494,0.9349,0.9915,0.9898,0.9938,0.5495,0.7099,0.8930,0.3426,0.3176
495,0.9360,0.9916,0.9898,0.9938,0.5530,0.7099,0.8925,0.3446,0.3199
496,0.9371,0.9917,0.9899,0.9938,0.5565,0.7099,0.8920,0.3466,0.3221
497,0.9381,0.9918,0.9899,0.9939,0.5599,0.7099,0.8915,0.3486,0.3244
498,0.9392,0.9919,0.9899,0.9939,0.5634,0.7099,0.8910,0.3506,0.3266
499,0.9403,0.9919,0.9900,0.9940,0.5669,0.7099,0.8905,0.3526,0.3289
500,0.9413,0.9920,0.9900,0.9940,0.5703,0.7099,0.8900,0.3546,0.3311
501,0.9421,0.9921,0.9900,0.9940,0.5738,0.7099,0.8898,0.3567,0.3333
502,0.9429,0.9921,0.9900,0.9940,0.5773,0.7099,0.8895,0.3587,0.3355
503,0.9436,0.9921,0.9900,0.9940,0.5807,0.7099,0.8892,0.3608,0.3377
504,0.9444,0.9922,0.9900,0.9940,0.5842,0.7099,0.8890,0.3628,0.3400
505,0.9452,0.9922,0.9900,0.9940,0.5877,0.7099,0.8888,0.3649,0.3422
506,0.9459,0.9923,0.9900,0.9940,0.5911,0.7099,0.8885,0.3669,0.3444
507,0.9467,0.9923,0.9900,0.9940,0.5946,0.7099,0.8882,0.3689,0.3466
508,0.9475,0.9923,0.9900,0.9940,0.5980,0.7099,0.8880,0.3710,0.3488
509,0.9482,0.9924,0.9900,0.9940,0.6014,0.7099,0.8878,0.3730,0.3510
510,0.9490,0.9924,0.9900,0.9940,0.6049,0.7099,0.8875,0.3750,0.3532
511,0.9498,0.9925,0.9900,0.9940,0.6083,0.7099,0.8872,0.3770,0.3554
512,0.9505,0.9925,0.9900,0.9940,0.6117,0.7099,0.8870,0.3791,0.3576
513,0.9513,0.9925,0.9900,0.9940,0.6152,0.7099,0.8868,0.3811,0.3598
514,0.9521,0.9926,0.9900,0.9940,0.6186,0.7099,0.8865,0.3831,0.3620
515,0.9529,0.9926,0.9900,0.9940,0.6220,0.7099,0.8862,0.3851,0.3642
516,0.9536,0.9927,0.9900,0.9940,0.6254,0.7099,0.8860,0.3871,0.3664
517,0.9544,0.9927,0.9900,0.9940,0.6288,0.7099,0.8858,0.3891,0.3686
518,0.9552,0.9927,0.9900,0.9940,0.6322,0.7099,0.8855,0.3910,0.3708
519,0.9559,0.9928,0.9900,0.9940,0.6355,0.7099,0.8852,0.3930,0.3730
520,0.9567,0.9928,0.9900,0.9940,0.6389,0.7099,0.8850,0.3950,0.3752
521,0.9575,0.9929,0.9900,0.9940,0.6423,0.7099,0.8848,0.3970,0.3774
522,0.9583,0.9929,0.9900,0.9940,0.6456,0.7099,0.8845,0.3989,0.3796
523,0.9590,0.9929,0.9900,0.9940,0.6490,0.7099,0.8842,0.4009,0.3817
524,0.9598,0.9930,0.9900,0.9940,0.6523,0.7099,0.8840,0.4028,0.3839
525,0.9606,0.9930,0.9900,0.9940,0.6556,0.7099,0.8838,0.4048,0.3861
526,0.9611,0.9931,0.9900,0.9940,0.6590,0.7099,0.8835,0.4067,0.3882
527,0.9615,0.9931,0.9900,0.9940,0.6623,0.7099,0.8832,0.4086,0.3902
528,0.9620,0.9931,0.9900,0.9940,0.6656,0.7099,0.8830,0.4105,0.3922
529,0.9625,0.9932,0.9900,0.9940,0.6689,0.7099,0.8828,0.4125,0.3943
530,0.9629,0.9932,0.9900,0.9940,0.6721,0.7099,0.8825,0.4144,0.3963
531,0.9634,0.9933,0.9900,0.9940,0.6754,0.7099,0.8822,0.4163,0.3983
532,0.9639,0.9933,0.9900,0.9940,0.6787,0.7099,0.8820,0.4181,0.4003
533,0.9643,0.9933,0.9900,0.9940,0.6819,0.7099,0.8818,0.4200,0.4023
534,0.9648,0.9934,0.9900,0.9940,0.6851,0.7099,0.8815,0.4219,0.4043
535,0.9653,0.9934,0.9900,0.9940,0.6883,0.7099,0.8812,0.4238,0.4063
536,0.9657,0.9935,0.9900,0.9940,0.6915,0.7099,0.8810,0.4256,0.4083
537,0.9662,0.9935,0.9900,0.9940,0.6947,0.7099,0.8808,0.4274,0.4103
538,0.9667,0.9935,0.9900,0.9940,0.6979,0.7099,0.8805,0.4293,0.4123
539,0.9671,0.9936,0.9900,0.9940,0.7011,0.7099,0.8802,0.4311,0.4142
540,0.9676,0.9936,0.9900,0.9940,0.7042,0.7099,0.8800,0.4329,0.4162
541,0.9681,0.9937,0.9900,0.9940,0.7074,0.7099,0.8800,0.4348,0.4183
542,0.9685,0.9937,0.9900,0.9940,0.7105,0.7099,0.8800,0.4368,0.4203
543,0.9690,0.9937,0.9900,0.9940,0.7136,0.7099,0.8800,0.4387,0.4224
544,0.9695,0.9938,0.9900,0.9940,0.7167,0.7099,0.8800,0.4406,0.4245
545,0.9699,0.9938,0.9900,0.9940,0.7197,0.7099,0.8800,0.4425,0.4265
546,0.9704,0.9938,0.9900,0.9940,0.7228,0.7099,0.8800,0.4443,0.4285
547,0.9709,0.9939,0.9900,0.9940,0.7258,0.7099,0.8800,0.4462,0.4306
548,0.9714,0.9939,0.9900,0.9940,0.7289,0.7099,0.8800,0.4481,0.4326
549,0.9718,0.9940,0.9900,0.9940,0.7319,0.7099,0.8800,0.4499,0.4346
550,0.9723,0.9940,0.9900,0.9940,0.7348,0.7099,0.8800,0.4517,0.4366
551,0.9726,0.9940,0.9900,0.9940,0.7378,0.7099,0.8800,0.4535,0.4385
552,0.9729,0.9940,0.9900,0.9939,0.7408,0.7099,0.8800,0.4553,0.4404
553,0.9732,0.9940,0.9900,0.9939,0.7437,0.7099,0.8800,0.4571,0.4422
554,0.9735,0.9940,0.9900,0.9938,0.7466,0.7099,0.8800,0.4589,0.4441
555,0.9739,0.9940,0.9900,0.9938,0.7495,0.7099,0.8800,0.4607,0.4459
556,0.9742,0.9940,0.9900,0.9938,0.7524,0.7099,0.8800,0.4624,0.4478
557,0.9745,0.9940,0.9900,0.9937,0.7553,0.7099,0.8800,0.4642,0.4496
558,0.9748,0.9940,0.9900,0.9937,0.7581,0.7099,0.8800,0.4659,0.4514
559,0.9751,0.9940,0.9900,0.9937,0.7609,0.7099,0.8800,0.4676,0.4532
560,0.9754,0.9940,0.9900,0.9936,0.7637,0.7099,0.8800,0.4693,0.4550
561,0.9757,0.9940,0.9900,0.9936,0.7665,0.7099,0.8800,0.4710,0.4568
562,0.9761,0.9940,0.9900,0.9935,0.7692,0.7099,0.8800,0.4727,0.4586
563,0.9764,0.9940,0.9900,0.9935,0.7720,0.7099,0.8800,0.4743,0.4603
564,0.9767,0.9940,0.9900,0.9935,0.7747,0.7099,0.8800,0.4760,0.4621
565,0.9770,0.9940,0.9900,0.9934,0.7774,0.7099,0.8800,0.4776,0.4638
566,0.9773,0.9940,0.9900,0.9934,0.7800,0.7099,0.8800,0.4792,0.4655
567,0.9776,0.9940,0.9900,0.9933,0.7827,0.7099,0.8800,0.4808,0.4672
568,0.9779,0.9940,0.9900,0.9933,0.7853,0.7099,0.8800,0.4824,0.4689
569,0.9783,0.9940,0.9900,0.9933,0.7879,0.7099,0.8800,0.4840,0.4706
570,0.9786,0.9940,0.9900,0.9932,0.7905,0.7099,0.8800,0.4856,0.4723
571,0.9789,0.9940,0.9900,0.9932,0.7930,0.7099,0.8800,0.4871,0.4740
572,0.9792,0.9940,0.9900,0.9931,0.7956,0.7099,0.8800,0.4886,0.4756
573,0.9795,0.9940,0.9900,0.9931,0.7981,0.7099,0.8800,0.4902,0.4772
574,0.9798,0.9940,0.9900,0.9931,0.8005,0.7099,0.8800,0.4917,0.4789
575,0.9801,0.9940,0.9900,0.9930,0.8030,0.7099,0.8800,0.4931,0.4805
576,0.9803,0.9940,0.9900,0.9930,0.8054,0.7099,0.8800,0.4946,0.4820
577,0.9805,0.9940,0.9900,0.9929,0.8078,0.7099,0.8800,0.4961,0.4835
578,0.9806,0.9940,0.9900,0.9929,0.8102,0.7099,0.8800,0.4975,0.4849
579,0.9808,0.9940,0.9900,0.9929,0.8126,0.7099,0.8800,0.4989,0.4864
580,0.9809,0.9940,0.9900,0.9928,0.8149,0.7099,0.8800,0.5003,0.4879
581,0.9811,0.9940,0.9900,0.9928,0.8172,0.7099,0.8805,0.5020,0.4896
582,0.9813,0.9940,0.9900,0.9927,0.8195,0.7099,0.8810,0.5037,0.4913
583,0.9814,0.9940,0.9900,0.9927,0.8217,0.7099,0.8815,0.5053,0.4930
584,0.9816,0.9940,0.9900,0.9927,0.8239,0.7099,0.8820,0.5070,0.4946
585,0.9817,0.9940,0.9900,0.9926,0.8261,0.7099,0.8825,0.5086,0.4963
586,0.9819,0.9940,0.9900,0.9926,0.8283,0.7099,0.8830,0.5102,0.4979
587,0.9820,0.9940,0.9900,0.9925,0.8304,0.7099,0.8835,0.5118,0.4996
588,0.9822,0.9940,0.9900,0.9925,0.8325,0.7099,0.8840,0.5133,0.5012
589,0.9824,0.9940,0.9900,0.9925,0.8346,0.7099,0.8845,0.5149,0.5028
590,0.9825,0.9940,0.9900,0.9924,0.8367,0.7099,0.8850,0.5164,0.5043
591,0.9827,0.9940,0.9900,0.9924,0.8387,0.7099,0.8855,0.5179,0.5059
592,0.9828,0.9940,0.9900,0.9923,0.8407,0.7099,0.8860,0.5194,0.5075
593,0.9830,0.9940,0.9900,0.9923,0.8426,0.7099,0.8865,0.5209,0.5090
594,0.9831,0.9940,0.9900,0.9923,0.8446,0.7099,0.8870,0.5224,0.5105
595,0.9833,0.9940,0.9900,0.9922,0.8465,0.7099,0.8875,0.5238,0.5120
596,0.9835,0.9940,0.9900,0.9922,0.8483,0.7099,0.8880,0.5253,0.5135
597,0.9836,0.9940,0.9900,0.9921,0.8502,0.7099,0.8885,0.5267,0.5150
598,0.9838,0.9940,0.9900,0.9921,0.8520,0.7099,0.8890,0.5281,0.5164
599,0.9839,0.9940,0.9900,0.9921,0.8538,0.7099,0.8895,0.5295,0.5178
600,0.9841,0.9940,0.9900,0.9920,0.8555,0.7099,0.8900,0.5308,0.5193
601,0.9839,0.9940,0.9900,0.9920,0.8572,0.7099,0.8905,0.5322,0.5205
602,0.9838,0.9939,0.9899,0.9919,0.8589,0.7099,0.8910,0.5335,0.5216
603,0.9836,0.9939,0.9899,0.9919,0.8606,0.7099,0.8915,0.5347,0.5228
604,0.9835,0.9938,0.9899,0.9919,0.8622,0.7099,0.8920,0.5360,0.5239
605,0.9833,0.9938,0.9898,0.9918,0.8638,0.7099,0.8925,0.5373,0.5250
606,0.9831,0.9938,0.9898,0.9918,0.8654,0.7099,0.8930,0.5385,0.5261
607,0.9830,0.9937,0.9897,0.9917,0.8669,0.7099,0.8935,0.5397,0.5272
608,0.9828,0.9937,0.9897,0.9917,0.8684,0.7099,0.8940,0.5409,0.5282
609,0.9827,0.9937,0.9897,0.9917,0.8698,0.7099,0.8945,0.5421,0.5293
610,0.9825,0.9936,0.9896,0.9916,0.8713,0.7099,0.8950,0.5432,0.5303
611,0.9824,0.9936,0.9896,0.9916,0.8727,0.7099,0.8955,0.5443,0.5313
612,0.9822,0.9935,0.9895,0.9915,0.8740,0.7099,0.8960,0.5455,0.5323
613,0.9820,0.9935,0.9895,0.9915,0.8754,0.7099,0.8965,0.5465,0.5332
614,0.9819,0.9935,0.9895,0.9915,0.8767,0.7099,0.8970,0.5476,0.5342
615,0.9817,0.9934,0.9894,0.9914,0.8779,0.7099,0.8975,0.5487,0.5351
616,0.9816,0.9934,0.9894,0.9914,0.8792,0.7099,0.8980,0.5497,0.5360
617,0.9814,0.9933,0.9893,0.9913,0.8803,0.7099,0.8985,0.5507,0.5369
618,0.9813,0.9933,0.9893,0.9913,0.8815,0.7099,0.8990,0.5517,0.5377
619,0.9811,0.9933,0.9893,0.9913,0.8826,0.7099,0.8995,0.5527,0.5386
620,0.9809,0.9932,0.9892,0.9912,0.8837,0.7099,0.9000,0.5536,0.5394
621,0.9808,0.9932,0.9892,0.9912,0.8848,0.7099,0.9005,0.5545,0.5402
622,0.9806,0.9931,0.9891,0.9911,0.8858,0.7099,0.9010,0.5554,0.5409
623,0.9805,0.9931,0.9891,0.9911,0.8868,0.7099,0.9015,0.5563,0.5417
624,0.9803,0.9931,0.9891,0.9911,0.8877,0.7099,0.9020,0.5572,0.5424
625,0.9801,0.9930,0.9890,0.9910,0.8887,0.7099,0.9025,0.5580,0.5431
626,0.9797,0.9930,0.9890,0.9910,0.8896,0.7099,0.9030,0.5588,0.5436
627,0.9792,0.9929,0.9890,0.9909,0.8904,0.7099,0.9035,0.5596,0.5441
628,0.9787,0.9929,0.9889,0.9909,0.8912,0.7099,0.9040,0.5604,0.5446
629,0.9783,0.9929,0.9889,0.9909,0.8920,0.7099,0.9045,0.5612,0.5450
630,0.9778,0.9928,0.9888,0.9908,0.8927,0.7099,0.9050,0.5619,0.5455
631,0.9773,0.9928,0.9888,0.9908,0.8934,0.7099,0.9055,0.5626,0.5459
632,0.9768,0.9927,0.9888,0.9907,0.8941,0.7099,0.9060,0.5633,0.5463
633,0.9764,0.9927,0.9887,0.9907,0.8947,0.7099,0.9065,0.5640,0.5466
634,0.9759,0.9927,0.9887,0.9907,0.8953,0.7099,0.9070,0.5646,0.5470
635,0.9754,0.9926,0.9886,0.9906,0.8959,0.7099,0.9075,0.5652,0.5473
636,0.9750,0.9926,0.9886,0.9906,0.8964,0.7099,0.9080,0.5658,0.5476
637,0.9745,0.9925,0.9886,0.9905,0.8969,0.7099,0.9085,0.5664,0.5478
638,0.9740,0.9925,0.9885,0.9905,0.8974,0.7099,0.9090,0.5670,0.5481
639,0.9735,0.9925,0.9885,0.9905,0.8978,0.7099,0.9095,0.5675,0.5483
640,0.9731,0.9924,0.9884,0.9904,0.8982,0.7099,0.9100,0.5680,0.5485
641,0.9726,0.9924,0.9884,0.9904,0.8985,0.7099,0.9105,0.5685,0.5487
642,0.9721,0.9923,0.9884,0.9903,0.8988,0.7099,0.9110,0.5689,0.5489
643,0.9717,0.9923,0.9883,0.9903,0.8991,0.7099,0.9115,0.5694,0.5490
644,0.9712,0.9923,0.9883,0.9903,0.8993,0.7099,0.9120,0.5698,0.5491
645,0.9707,0.9922,0.9882,0.9902,0.8995,0.7099,0.9125,0.5702,0.5492
646,0.9703,0.9922,0.9882,0.9902,0.8997,0.7099,0.9130,0.5706,0.5493
647,0.9698,0.9921,0.9882,0.9901,0.8998,0.7099,0.9135,0.5709,0.5493
648,0.9693,0.9921,0.9881,0.9901,0.8999,0.7099,0.9140,0.5712,0.5493
649,0.9689,0.9921,0.9881,0.9901,0.9000,0.7099,0.9145,0.5715,0.5493
650,0.9684,0.9920,0.9880,0.9900,0.9000,0.7099,0.9150,0.5718,0.5493
651,0.9676,0.9920,0.9880,0.9899,0.9000,0.7099,0.9155,0.5720,0.5490
652,0.9668,0.9919,0.9880,0.9898,0.8999,0.7099,0.9160,0.5722,0.5487
653,0.9660,0.9919,0.9879,0.9897,0.8997,0.7099,0.9165,0.5723,0.5484
654,0.9653,0.9919,0.9879,0.9895,0.8995,0.7099,0.9170,0.5724,0.5480
655,0.9645,0.9918,0.9878,0.9894,0.8992,0.7099,0.9175,0.5724,0.5476
656,0.9637,0.9918,0.9878,0.9893,0.8988,0.7099,0.9180,0.5724,0.5471
657,0.9629,0.9917,0.9878,0.9892,0.8984,0.7099,0.9185,0.5723,0.5466
658,0.9621,0.9917,0.9877,0.9891,0.8979,0.7099,0.9190,0.5723,0.5460
659,0.9614,0.9917,0.9877,0.9890,0.8974,0.7099,0.9195,0.5721,0.5454
660,0.9606,0.9916,0.9876,0.9888,0.8968,0.7099,0.9200,0.5720,0.5448
661,0.9598,0.9916,0.9876,0.9887,0.8961,0.7099,0.9205,0.5717,0.5441
662,0.9590,0.9915,0.9876,0.9886,0.8953,0.7099,0.9210,0.5715,0.5434
663,0.9583,0.9915,0.9875,0.9885,0.8945,0.7099,0.9215,0.5712,0.5427
664,0.9575,0.9915,0.9875,0.9884,0.8937,0.7099,0.9220,0.5708,0.5419
665,0.9567,0.9914,0.9874,0.9882,0.8927,0.7099,0.9225,0.5705,0.5411
666,0.9559,0.9914,0.9874,0.9881,0.8917,0.7099,0.9230,0.5700,0.5402
667,0.9552,0.9913,0.9874,0.9880,0.8907,0.7099,0.9235,0.5696,0.5393
668,0.9544,0.9913,0.9873,0.9879,0.8896,0.7099,0.9240,0.5691,0.5384
669,0.9536,0.9913,0.9873,0.9878,0.8884,0.7099,0.9245,0.5685,0.5374
670,0.9529,0.9912,0.9872,0.9876,0.8871,0.7099,0.9250,0.5680,0.5364
671,0.9521,0.9912,0.9872,0.9875,0.8858,0.7099,0.9255,0.5673,0.5354
672,0.9513,0.9911,0.9872,0.9874,0.8844,0.7099,0.9260,0.5667,0.5343
673,0.9505,0.9911,0.9871,0.9873,0.8830,0.7099,0.9265,0.5660,0.5332
674,0.9498,0.9911,0.9871,0.9872,0.8815,0.7099,0.9270,0.5652,0.5320
675,0.9490,0.9910,0.9870,0.9870,0.8800,0.7099,0.9275,0.5644,0.5308
676,0.9479,0.9910,0.9870,0.9869,0.8783,0.7099,0.9280,0.5636,0.5294
677,0.9469,0.9909,0.9870,0.9868,0.8767,0.7099,0.9285,0.5628,0.5280
678,0.9458,0.9909,0.9869,0.9867,0.8749,0.7099,0.9290,0.5619,0.5266
679,0.9447,0.9909,0.9869,0.9866,0.8731,0.7099,0.9295,0.5609,0.5251
680,0.9436,0.9908,0.9868,0.9864,0.8713,0.7099,0.9300,0.5599,0.5235
681,0.9426,0.9908,0.9868,0.9863,0.8694,0.7099,0.9303,0.5588,0.5218
682,0.9415,0.9907,0.9868,0.9862,0.8674,0.7099,0.9305,0.5576,0.5201
683,0.9404,0.9907,0.9867,0.9861,0.8654,0.7099,0.9308,0.5563,0.5183
684,0.9394,0.9907,0.9867,0.9860,0.8633,0.7099,0.9310,0.5550,0.5165
685,0.9383,0.9906,0.9866,0.9859,0.8611,0.7099,0.9313,0.5537,0.5147
686,0.9372,0.9906,0.9866,0.9857,0.8589,0.7099,0.9315,0.5524,0.5128
687,0.9361,0.9905,0.9866,0.9856,0.8567,0.7099,0.9318,0.5510,0.5109
688,0.9351,0.9905,0.9865,0.9855,0.8544,0.7099,0.9320,0.5495,0.5090
689,0.9340,0.9905,0.9865,0.9854,0.8520,0.7099,0.9323,0.5481,0.5070
690,0.9330,0.9904,0.9864,0.9853,0.8496,0.7099,0.9325,0.5466,0.5050
691,0.9319,0.9904,0.9864,0.9851,0.8471,0.7099,0.9328,0.5450,0.5030
692,0.9308,0.9903,0.9864,0.9850,0.8446,0.7099,0.9330,0.5435,0.5010
693,0.9298,0.9903,0.9863,0.9849,0.8420,0.7099,0.9333,0.5419,0.4989
694,0.9287,0.9903,0.9863,0.9848,0.8393,0.7099,0.9335,0.5402,0.4968
695,0.9277,0.9902,0.9862,0.9847,0.8367,0.7099,0.9338,0.5385,0.4947
696,0.9266,0.9902,0.9862,0.9845,0.8339,0.7099,0.9340,0.5368,0.4925
697,0.9255,0.9901,0.9862,0.9844,0.8311,0.7099,0.9343,0.5351,0.4904
698,0.9245,0.9901,0.9861,0.9843,0.8283,0.7099,0.9345,0.5333,0.4882
699,0.9234,0.9901,0.9861,0.9842,0.8254,0.7099,0.9348,0.5315,0.4859
700,0.9224,0.9900,0.9860,0.9841,0.8225,0.7099,0.9350,0.5297,0.4837
701,0.9209,0.9899,0.9859,0.9834,0.8195,0.7099,0.9353,0.5275,0.4808
702,0.9194,0.9898,0.9858,0.9827,0.8164,0.7099,0.9355,0.5252,0.4779
703,0.9179,0.9897,0.9857,0.9820,0.8133,0.7099,0.9358,0.5229,0.4750
704,0.9164,0.9895,0.9856,0.9813,0.8102,0.7099,0.9360,0.5206,0.4721
705,0.9149,0.9894,0.9855,0.9806,0.8070,0.7099,0.9363,0.5183,0.4692
706,0.9134,0.9893,0.9853,0.9799,0.8038,0.7099,0.9365,0.5159,0.4662
707,0.9119,0.9892,0.9852,0.9792,0.8005,0.7099,0.9367,0.5136,0.4632
708,0.9104,0.9891,0.9851,0.9785,0.7972,0.7099,0.9370,0.5111,0.4603
709,0.9089,0.9890,0.9850,0.9778,0.7939,0.7099,0.9373,0.5087,0.4573
710,0.9074,0.9888,0.9849,0.9771,0.7905,0.7099,0.9375,0.5062,0.4542
711,0.9059,0.9887,0.9847,0.9764,0.7870,0.7099,0.9377,0.5038,0.4512
712,0.9044,0.9886,0.9846,0.9757,0.7836,0.7099,0.9380,0.5013,0.4482
713,0.9029,0.9885,0.9845,0.9751,0.7800,0.7099,0.9383,0.4987,0.4451
714,0.9015,0.9884,0.9844,0.9744,0.7765,0.7099,0.9385,0.4962,0.4421
715,0.9000,0.9882,0.9843,0.9737,0.7729,0.7099,0.9387,0.4936,0.4390
716,0.8985,0.9881,0.9841,0.9730,0.7692,0.7099,0.9390,0.4910,0.4359
717,0.8970,0.9880,0.9840,0.9723,0.7656,0.7099,0.9392,0.4884,0.4328
718,0.8956,0.9879,0.9839,0.9716,0.7618,0.7099,0.9395,0.4857,0.4297
719,0.8941,0.9878,0.9838,0.9709,0.7581,0.7099,0.9397,0.4830,0.4266
720,0.8926,0.9876,0.9837,0.9702,0.7543,0.7099,0.9400,0.4804,0.4235
721,0.8911,0.9875,0.9835,0.9696,0.7505,0.7099,0.9400,0.4775,0.4203
722,0.8897,0.9874,0.9834,0.9689,0.7466,0.7099,0.9400,0.4747,0.4170
723,0.8882,0.9873,0.9833,0.9683,0.7427,0.7099,0.9400,0.4719,0.4138
724,0.8868,0.9872,0.9832,0.9676,0.7388,0.7099,0.9400,0.4690,0.4105
725,0.8853,0.9870,0.9831,0.9669,0.7348,0.7099,0.9400,0.4661,0.4073
726,0.8834,0.9869,0.9830,0.9663,0.7309,0.7099,0.9400,0.4632,0.4038
727,0.8815,0.9868,0.9828,0.9656,0.7268,0.7099,0.9400,0.4603,0.4004
728,0.8796,0.9867,0.9827,0.9650,0.7228,0.7099,0.9400,0.4574,0.3969
729,0.8777,0.9866,0.9826,0.9643,0.7187,0.7099,0.9400,0.4544,0.3935
730,0.8758,0.9864,0.9825,0.9637,0.7146,0.7099,0.9400,0.4515,0.3900
731,0.8740,0.9863,0.9824,0.9630,0.7105,0.7099,0.9400,0.4485,0.3866
732,0.8721,0.9862,0.9822,0.9624,0.7063,0.7099,0.9400,0.4455,0.3832
733,0.8702,0.9861,0.9821,0.9617,0.7021,0.7099,0.9400,0.4425,0.3797
734,0.8683,0.9860,0.9820,0.9611,0.6979,0.7099,0.9400,0.4395,0.3763
735,0.8665,0.9859,0.9819,0.9604,0.6937,0.7099,0.9400,0.4365,0.3728
736,0.8646,0.9857,0.9818,0.9597,0.6894,0.7099,0.9400,0.4335,0.3694
737,0.8627,0.9856,0.9816,0.9591,0.6851,0.7099,0.9400,0.4304,0.3660
738,0.8609,0.9855,0.9815,0.9584,0.6808,0.7099,0.9400,0.4274,0.3626
739,0.8590,0.9854,0.9814,0.9578,0.6765,0.7099,0.9400,0.4243,0.3592
740,0.8572,0.9853,0.9813,0.9571,0.6721,0.7099,0.9400,0.4212,0.3557
741,0.8553,0.9851,0.9812,0.9565,0.6678,0.7099,0.9400,0.4182,0.3523
742,0.8535,0.9850,0.9811,0.9558,0.6634,0.7099,0.9400,0.4151,0.3489
743,0.8516,0.9849,0.9809,0.9552,0.6590,0.7099,0.9400,0.4120,0.3456
744,0.8498,0.9848,0.9808,0.9545,0.6545,0.7099,0.9400,0.4089,0.3422
745,0.8479,0.9847,0.9807,0.9539,0.6501,0.7099,0.9400,0.4058,0.3388
746,0.8461,0.9845,0.9806,0.9532,0.6456,0.7099,0.9400,0.4027,0.3354
747,0.8443,0.9844,0.9805,0.9526,0.6412,0.7099,0.9400,0.3996,0.3321
748,0.8424,0.9843,0.9803,0.9519,0.6367,0.7099,0.9400,0.3965,0.3287
749,0.8406,0.9842,0.9802,0.9513,0.6322,0.7099,0.9400,0.3933,0.3254
750,0.8388,0.9841,0.9801,0.9506,0.6276,0.7099,0.9400,0.3902,0.3221
751,0.8371,0.9839,0.9794,0.9497,0.6231,0.7099,0.9400,0.3867,0.3185
752,0.8354,0.9837,0.9788,0.9487,0.6186,0.7099,0.9400,0.3833,0.3150
753,0.8337,0.9835,0.9781,0.9477,0.6140,0.7099,0.9400,0.3798,0.3114
754,0.8321,0.9833,0.9775,0.9467,0.6095,0.7099,0.9400,0.3763,0.3079
755,0.8304,0.9831,0.9768,0.9458,0.6049,0.7099,0.9400,0.3729,0.3044
756,0.8287,0.9829,0.9761,0.9448,0.6003,0.7099,0.9400,0.3694,0.3009
757,0.8271,0.9827,0.9755,0.9438,0.5957,0.7099,0.9400,0.3660,0.2974
758,0.8254,0.9825,0.9748,0.9428,0.5911,0.7099,0.9400,0.3625,0.2940
759,0.8237,0.9823,0.9742,0.9419,0.5865,0.7099,0.9400,0.3591,0.2906
760,0.8221,0.9821,0.9735,0.9409,0.5819,0.7099,0.9400,0.3557,0.2871
761,0.8204,0.9819,0.9729,0.9399,0.5773,0.7099,0.9400,0.3522,0.2837
762,0.8188,0.9817,0.9722,0.9390,0.5727,0.7099,0.9400,0.3488,0.2804
763,0.8171,0.9815,0.9715,0.9380,0.5680,0.7099,0.9400,0.3454,0.2770
764,0.8155,0.9813,0.9709,0.9370,0.5634,0.7099,0.9400,0.3420,0.2737
765,0.8138,0.9811,0.9702,0.9361,0.5588,0.7099,0.9400,0.3386,0.2704
766,0.8122,0.9809,0.9696,0.9351,0.5541,0.7099,0.9400,0.3352,0.2671
767,0.8105,0.9807,0.9689,0.9341,0.5495,0.7099,0.9400,0.3319,0.2638
768,0.8089,0.9805,0.9683,0.9332,0.5449,0.7099,0.9400,0.3285,0.2605
769,0.8073,0.9803,0.9676,0.9322,0.5402,0.7099,0.9400,0.3252,0.2573
770,0.8056,0.9801,0.9669,0.9312,0.5356,0.7099,0.9400,0.3218,0.2541
771,0.8040,0.9799,0.9663,0.9303,0.5310,0.7099,0.9400,0.3185,0.2509
772,0.8024,0.9797,0.9656,0.9293,0.5263,0.7099,0.9400,0.3152,0.2477
773,0.8007,0.9795,0.9650,0.9283,0.5217,0.7099,0.9400,0.3119,0.2446
774,0.7991,0.9793,0.9643,0.9274,0.5171,0.7099,0.9400,0.3086,0.2415
775,0.7975,0.9791,0.9637,0.9264,0.5125,0.7099,0.9400,0.3053,0.2384
776,0.7955,0.9789,0.9630,0.9254,0.5079,0.7099,0.9400,0.3020,0.2352
777,0.7935,0.9787,0.9624,0.9245,0.5032,0.7099,0.9400,0.2988,0.2320
778,0.7914,0.9785,0.9617,0.9235,0.4986,0.7099,0.9400,0.2955,0.2289
779,0.7894,0.9783,0.9611,0.9226,0.4940,0.7099,0.9400,0.2923,0.2257
780,0.7874,0.9781,0.9604,0.9216,0.4895,0.7099,0.9400,0.2891,0.2226
781,0.7854,0.9779,0.9594,0.9202,0.4849,0.7099,0.9397,0.2856,0.2193
782,0.7834,0.9777,0.9584,0.9187,0.4803,0.7099,0.9395,0.2821,0.2160
783,0.7814,0.9775,0.9575,0.9173,0.4757,0.7099,0.9392,0.2786,0.2128
784,0.7794,0.9773,0.9565,0.9158,0.4712,0.7099,0.9390,0.2751,0.2096
785,0.7774,0.9771,0.9555,0.9144,0.4666,0.7099,0.9387,0.2717,0.2064
786,0.7754,0.9769,0.9545,0.9130,0.4621,0.7099,0.9385,0.2683,0.2032
787,0.7735,0.9767,0.9536,0.9115,0.4576,0.7099,0.9383,0.2649,0.2001
788,0.7715,0.9765,0.9526,0.9101,0.4531,0.7099,0.9380,0.2615,0.1970
789,0.7695,0.9763,0.9516,0.9087,0.4486,0.7099,0.9377,0.2582,0.1940
790,0.7675,0.9761,0.9506,0.9073,0.4441,0.7099,0.9375,0.2549,0.1910
791,0.7656,0.9759,0.9497,0.9058,0.4396,0.7099,0.9373,0.2516,0.1880
792,0.7636,0.9757,0.9487,0.9044,0.4351,0.7099,0.9370,0.2483,0.1850
793,0.7617,0.9756,0.9477,0.9030,0.4307,0.7099,0.9367,0.2451,0.1821
794,0.7597,0.9754,0.9467,0.9016,0.4263,0.7099,0.9365,0.2419,0.1792
795,0.7578,0.9752,0.9458,0.9001,0.4218,0.7099,0.9363,0.2387,0.1764
796,0.7558,0.9750,0.9448,0.8987,0.4174,0.7099,0.9360,0.2355,0.1735
797,0.7539,0.9748,0.9438,0.8973,0.4131,0.7099,0.9358,0.2324,0.1707
798,0.7519,0.9746,0.9428,0.8959,0.4087,0.7099,0.9355,0.2292,0.1680
799,0.7500,0.9744,0.9419,0.8944,0.4043,0.7099,0.9353,0.2261,0.1653
800,0.7481,0.9742,0.9409,0.8930,0.4000,0.7099,0.9350,0.2231,0.1626
